First Name,Last Name,Username,Group,DOB,Address,City,State,Zip,Phone1,Phone2,Password
Tia,Li,flitia,supervisor,2/1/1977,28 West First Blvd.,Los Angeles,ID,16849,969-472-0839,917-142-5911,ta3989IL
Theodore,Burton,tburto,supervisor,8/18/1989,36 West Nobel Street,Madison,RI,18134,239-232-6396,838-118-7776,te3981NB
Lawrence,Cordova,tcordo,newhire,3/23/1974,236 East Rocky New Drive,Fresno,NH,34906,039-784-0314,538-438-5386,lw3781AC
Gina,Davies,ldavie,manager,12/29/1987,988 Rocky Oak Avenue,Miami,TN,26506,612-436-3061,712-938-6030,gn3029SD
Jesse,Adkins,gadkin,manager,9/18/1989,773 Rocky Fabien Road,Jackson,CT,19026,728-918-2400,311-396-2113,js3244SA
Garry,Mcintyre,jmcint,manager,7/22/1981,987 Fabien Way,Buffalo,DE,15103,273-928-2976,359-785-4727,gr3030EM
Susan,Mcdaniel,gmcdan,manager,10/12/1977,659 Lakeridge Freeway,Columbus,SD,34695,467-777-5861,573-259-7092,ss3358LM
Bryan,Bruce,sbruce,newhire,8/22/1960,20 North Duck Road,Fort Worth,IN,21592,755-282-9876,584-814-2972,by3997EB
Marcella,Hays,bhaysm,manager,1/13/1944,579 First Street,Omaha,NV,25769,534-634-2654,933-638-3729,mr3438SH
Bryan,French,mfrenc,manager,8/5/1984,85 South Rocky Crabapple Blvd.,Washington,MA,16398,944-386-5481,922-738-4304,by3932HF
Levi,Riddle,briddl,manager,3/25/1989,468 West Old Drive,New York,KY,31277,571-501-6600,472-895-7105,lv3549ER
Keisha,Spears,lspear,newhire,2/12/1991,35 South Rocky Nobel Freeway,Cleveland,TN,26988,592-910-3768,689-993-7709,ki3982SS
Courtney,Leblanc,klebla,intern,8/17/1950,729 Green Cowley Drive,Memphis,PA,15544,389-375-6502,421-102-2947,cu3288CL
Derek,Baird,cbaird,supervisor,8/13/1969,348 East Oak Road,Tacoma,ND,15192,718-348-6958,592-524-3664,dr3669DB
Ivan,Marquez,dmarqu,manager,12/3/2000,876 Rocky Second Street,Arlington,IN,29844,058-145-0245,683-775-7621,ia3141ZM
Blanca,ONeal,ioneal,supervisor,5/17/1957,18 Green Nobel Blvd.,San Jose,HI,34595,993-212-6550,459-681-8530,ba3999LO
Josh,Murillo,bmuril,newhire,5/2/1976,117 Oak Way,Atlanta,IN,32299,288-234-1038,817-181-0489,js3900OM
Johnathan,Suarez,jsuare,intern,8/31/1944,695 Duck Way,Riverside,NC,27915,678-309-4081,244-988-7549,jh3322ZS
Rick,Herrera,jherre,intern,7/16/1944,51 West Rocky Lakeridge St.,Memphis,MT,16084,752-411-4048,097-171-0035,rc3966AH
Tanya,Riley,rriley,manager,8/27/1985,979 Rocky Fabien Road,Grand Rapids,NC,33900,071-885-7445,425-975-3146,tn3038YR
Lea,Kirby,tkirby,newhire,5/13/1954,48 North Narwhal St.,Sacramento,GA,23507,861-247-0385,307-546-1064,la3969YK
Felicia,Rasmussen,lrasmu,manager,1/19/2000,206 South Oak Boulevard,Little Rock,ND,28157,101-831-9220,717-791-7761,fl3811NR
Roland,Buchanan,fbucha,newhire,5/13/1954,53 Green Fabien Avenue,Hialeah,AL,22039,524-837-7796,020-522-9589,rl3964NB
Janice,Waller,rwalle,newhire,1/10/1965,12 Yellow Oak Avenue,Nashville,VT,32600,585-232-3301,168-422-1117,jn4005RW
Colby,Page,jpagec,supervisor,7/4/1953,515 Oak Boulevard,Fort Worth,MT,32137,719-387-5297,627-707-4521,cl3502EP
Janelle,Larson,clarso,manager,5/1/1988,757 Cowley Blvd.,Memphis,NV,21423,711-103-4611,010-066-2871,jn3260NL
Jeremiah,Sexton,jsexto,manager,9/21/1992,86 North Cherrywood Freeway,Aurora,VA,31071,068-406-2882,434-409-3971,jr3931NS
Scotty,Crawford,jcrawf,newhire,10/23/1992,96 Yellow Cherrywood Way,Oakland,OH,27111,736-519-8522,515-510-4893,so3921DC
Perry,Gonzales,sgonza,intern,9/14/1956,44 East Rocky Lakeridge Drive,Los Angeles,TX,36544,394-141-8271,458-320-2100,pr3973SG
Traci,Charles,pcharl,manager,8/8/1977,97 Milton St.,Garland,KS,19544,534-845-9165,901-792-6611,ta3920SC
Alberto,Shepard,tshepa,manager,4/23/1988,876 First Freeway,Grand Rapids,TN,25418,552-299-5304,376-477-4377,ab3141DS
Aimee,Cummings,acummi,manager,7/27/1945,47 Yellow Duck Road,Philadelphia,OK,30721,666-217-1324,903-105-3445,am3970SC
Kate,Valdez,avalde,newhire,9/1/1989,884 Oak Parkway,Des Moines,ID,35222,050-670-2191,538-581-7372,kt3133ZV
Ian,Sosa,ksosai,manager,6/4/1965,896 Green Oak St.,Tacoma,RI,29930,375-182-9569,700-754-8413,in3121AS
Darius,Luna,ilunad,manager,7/1/1956,31 Green Fabien Road,Spokane,MD,19097,532-650-6369,054-417-7600,dr3986AL
Brandie,Smith,dsmith,supervisor,8/18/1985,42 South Hague Avenue,Pittsburgh,UT,15636,375-374-8619,819-613-9823,ba3975HS
Maggie,French,bfrenc,manager,10/12/1942,721 Old Street,El Paso,TN,31096,993-969-5070,965-714-5233,mg3296HF
Nikki,Petersen,mpeter,newhire,4/7/1997,109 Rocky Narwhal Boulevard,Toledo,WY,20712,777-069-4145,454-421-8757,nk3908NP
Yvette,Gomez,ngomez,intern,5/6/1991,16 Green Hague Drive,Norfolk,HI,17459,531-114-7892,243-274-3811,ye4001ZG
Cara,Atkinson,yatkin,manager,6/19/1951,344 Rocky Fabien Freeway,Spokane,ME,25251,730-683-5160,172-302-6242,cr3673NA
Dennis,Morris,cmorri,intern,6/6/1996,882 West Crabapple Avenue,Norfolk,CA,29073,469-188-1949,952-132-8263,dn3135SM
Tammy,Holder,dholde,newhire,3/25/1966,676 Rocky New Boulevard,Dallas,KS,16728,974-007-0885,874-836-5824,tm3341RH
Anitra,Carson,tcarso,supervisor,12/12/1959,44 North Nobel Freeway,Virginia Beach,TX,17331,354-740-4750,396-948-0058,ai3973NC
Wendell,Coffey,acoffe,intern,7/25/1977,608 Rocky First Road,Yonkers,IA,16645,493-124-2988,233-375-0002,wn3409YC
Shauna,Tyler,wtyler,newhire,10/19/1947,24 Rocky Milton Parkway,Buffalo,CA,29675,515-811-2633,286-134-2358,sa3993RT
Tommy,Hudson,shudso,manager,12/24/1981,553 West Narwhal Boulevard,Toledo,IA,25159,292-771-4131,343-988-4486,tm3464NH
Cassie,Mejia,tmejia,supervisor,3/17/1972,24 Clarendon Freeway,Greensboro,AZ,26544,501-574-8954,378-505-7871,cs3993AM
Tracey,Collier,ccolli,supervisor,2/11/1959,862 East Hague Road,Riverside,ND,32738,689-306-0292,312-779-7987,ta3155RC
Shirley,Kelly,tkelly,supervisor,6/23/1973,266 New Street,San Diego,IA,20563,178-181-1617,092-752-2353,si3751YK
Bobbie,Cochran,scochr,supervisor,12/6/1966,159 Nobel Drive,Yonkers,IL,36079,543-812-0990,212-467-9971,bb3858NC
Wendell,Carey,bcarey,intern,11/25/1941,423 New Boulevard,Mesa,SC,28344,084-268-2467,596-697-5760,wn3594YC
Glenda,Herrera,wherre,intern,11/10/1957,122 Yellow Milton Way,Fresno,DE,32434,236-873-2348,022-401-5787,ge3895AH
Adrienne,Mora,gmoraa,manager,11/25/1979,46 Yellow Narwhal Drive,San Antonio,AL,29184,661-273-1136,529-626-8715,ar3971AM
Chrystal,Bowers,abower,manager,7/20/1970,841 West First Way,Little Rock,NC,25428,654-458-4691,143-692-8732,cr3176SB
Patrick,Watts,cwatts,manager,12/26/1987,88 Yellow Second Way,Hialeah,KS,24754,671-313-4922,874-818-7362,pt3929SW
Melanie,Trevino,ptrevi,manager,3/16/1964,828 Green New Parkway,Dayton,MO,26838,405-137-8268,718-691-1668,ml3189OT
Shad,Krueger,mkrueg,intern,11/22/1944,117 Duck Avenue,Albuquerque,AK,16914,851-104-7738,030-235-9035,sa3900RK
Ian,Klein,sklein,manager,5/4/1950,203 First Road,Jacksonville,ME,32752,577-856-9076,447-280-7697,in3814NK
Marlon,Brennan,ibrenn,supervisor,9/15/1981,86 Cherrywood Drive,Louisville,WY,28410,760-754-0752,389-042-6340,mr3931NB
Maggie,Cortez,mcorte,newhire,3/31/1967,65 East Rocky Old Drive,Anchorage,WI,35527,642-820-8101,226-917-8382,mg3952ZC
Gabrielle,Archer,marche,intern,5/25/1950,87 New Parkway,Albuquerque,NY,17012,838-244-6013,445-061-4071,gb3930RA
Erika,Ramsey,gramse,intern,11/2/1965,60 Nobel Road,Toledo,MT,20470,927-306-8639,780-348-6621,ei3957YR
Tyrone,Castillo,ecasti,supervisor,4/13/1952,54 Rocky Crabapple St.,Fort Worth,KY,16483,484-925-6318,360-925-1029,tr3963OC
Anita,Mack,tmacka,supervisor,2/9/1984,403 South Rocky Lakeridge Boulevard,Atlanta,MT,32140,547-279-3327,957-184-2711,ai3614KM
Clarence,Baird,abaird,newhire,5/10/1964,511 North Lakeridge Freeway,St. Petersburg,VA,24447,045-214-9967,368-280-2149,ca3506DB
Tonia,Gilmore,cgilmo,supervisor,11/16/1965,280 Yellow Nobel Boulevard,Miami,FL,14910,787-142-1919,162-521-3801,tn3737EG
Timothy,Snyder,tsnyde,intern,7/26/1972,997 Nobel Freeway,Tampa,CA,27163,238-768-3865,595-753-3995,tm3020RS
Dan,Ortiz,tortiz,supervisor,12/17/1997,146 Cherrywood Road,Jackson,CO,15671,592-014-5891,904-835-7577,dn3871ZO
Kareem,Ritter,dritte,intern,3/16/1946,87 Rocky Narwhal Avenue,Stockton,IN,30018,431-550-6430,313-479-4752,kr3930RR
Larry,Sampson,ksamps,supervisor,6/5/1988,337 East Cherrywood Drive,Fort Worth,KS,24048,192-238-2293,768-524-0188,lr3680NS
Rudy,Navarro,lnavar,manager,10/6/1967,31 East Second Street,Glendale,WA,21896,623-894-4899,187-189-5725,rd3986ON
Samantha,Hansen,rhanse,supervisor,1/28/1989,48 Second Way,Tacoma,NC,33922,329-461-4842,779-714-4907,sm3969NH
William,Dean,sdeanw,manager,3/8/1982,542 Narwhal Drive,Phoenix,CA,28331,969-957-3332,600-915-8666,wl3475ND
Rickey,Duncan,wdunca,newhire,6/13/1947,412 Old St.,Seattle,FL,29789,769-915-0866,166-699-9439,rc3605ND
Anita,Padilla,rpadil,supervisor,3/5/1978,530 Lakeridge Street,Des Moines,NH,16269,275-398-0020,502-683-4832,ai3487AP
Janette,Gordon,agordo,intern,2/14/1954,73 Second Road,San Diego,TX,34409,015-533-5148,075-878-7457,jn3944NG
Cindy,OConnor,joconn,intern,12/27/1994,972 Elm Boulevard,Washington,MA,15925,592-158-9241,724-292-7748,cn3045RO
Lamar,Aguilar,caguil,supervisor,7/26/1995,86 Nobel Boulevard,Tampa,IN,28554,583-890-4847,180-373-9647,lm3931RA
Tommy,Reese,lreese,manager,10/22/1942,76 First Avenue,St. Petersburg,KS,23517,727-048-0182,270-573-2922,tm3941ER
Katina,Brady,tbrady,newhire,2/16/1946,97 Green Duck Freeway,Chicago,AR,19857,080-219-9724,354-743-2127,kt3920YB
Garry,Allen,kallen,newhire,8/21/1971,46 Lakeridge Freeway,Virginia Beach,WA,29471,095-897-0815,178-210-2243,gr3971NA
Preston,Zuniga,gzunig,manager,11/14/1984,917 Rocky Old Blvd.,Louisville,CO,15102,683-552-0152,164-929-3800,pe3100AZ
Lakesha,Rojas,projas,newhire,11/14/1992,310 Oak St.,Bakersfield,CO,32256,025-183-6791,368-606-9489,lk3707SR
Nicholas,Conley,lconle,supervisor,2/2/1952,450 Rocky Second St.,Buffalo,CT,33467,174-722-3739,675-789-4821,nc3567YC
Kari,Schaefer,nschae,manager,12/1/1999,85 Yellow Narwhal Blvd.,Las Vegas,AZ,18408,939-114-5038,189-955-0196,kr3932RS
Elisabeth,Moran,kmoran,supervisor,1/15/1996,196 Cherrywood Avenue,Shreveport,MI,29944,889-976-4253,311-532-9259,ei3821NM
Nicole,Perkins,eperki,newhire,2/7/1951,316 North Cherrywood Road,Mobile,OH,36495,371-127-4236,872-986-8177,nc3701SP
Kristine,Blackwell,nblack,supervisor,12/27/1952,90 First Parkway,Columbus,MS,21852,154-374-4254,074-117-9528,ki3927LB
Ricky,Nichols,knicho,intern,9/21/1979,214 South Green Hague Boulevard,Omaha,VA,26638,138-693-6763,458-068-5790,rc3803SN
Veronica,Wagner,rwagne,newhire,12/10/1981,309 Green Elm Street,Los Angeles,CO,25482,030-881-1146,760-566-5211,vr3708RW
Lewis,Huynh,vhuynh,supervisor,7/29/1946,122 Nobel St.,Portland,IN,28345,211-334-3119,722-564-6796,lw3895HH
Robin,Frederick,lfrede,supervisor,3/2/1949,608 Second Avenue,Tampa,VA,32769,177-656-1701,169-160-6583,rb3409KF
Ronnie,Cochran,rcochr,supervisor,10/29/1959,544 Yellow Fabien Parkway,Anchorage,MD,24919,593-715-5603,008-126-8154,rn3473NC
Lillian,Sullivan,rsulli,newhire,10/9/1967,726 Second Road,San Antonio,VA,33281,614-545-8880,629-663-0608,ll3291NS
Leon,Warren,lwarre,newhire,9/18/1994,25 South Rocky Crabapple Blvd.,Fremont,IN,34085,722-520-3286,115-113-3566,lo3992NW
Lori,Carroll,lcarro,newhire,2/17/1969,33 Yellow Fabien Parkway,Lincoln,TN,17806,227-232-8953,340-483-7295,lr3984LC
Lorraine,Clements,lcleme,supervisor,8/7/1977,52 Crabapple Way,Garland,CT,23752,387-838-4933,696-632-2697,lr3965SC
Marisol,Henderson,lhende,intern,8/26/1958,968 Yellow Old Boulevard,Mobile,NM,25149,198-897-4937,165-095-2888,mr3049NH
Jennie,Carlson,mcarls,manager,9/10/1940,905 Narwhal Road,San Antonio,PA,24099,093-132-1244,002-094-2254,jn3112NC
Deborah,Lynch,jlynch,newhire,2/18/1985,208 Oak Way,Long Beach,GA,32592,483-470-7374,615-994-4009,db3809HL
Joan,Cisneros,dcisne,supervisor,4/2/1989,82 Hague Blvd.,Atlanta,PA,36863,521-493-0327,246-692-8816,ja3935SC
Norma,Sexton,jsexto,newhire,11/26/1942,47 Yellow Clarendon St.,Dayton,NJ,20957,462-999-7708,652-382-9938,nr3970NS
Anthony,Bean,nbeana,newhire,12/5/1972,246 Rocky Lakeridge Boulevard,Denver,RI,17959,064-260-8454,170-451-0740,at3771NB
Kerri,Hampton,ahampt,newhire,10/9/1961,535 Milton Freeway,Sacramento,UT,35937,689-773-8158,806-579-6431,kr3482NH
Marisa,Walters,kwalte,manager,4/22/1946,20 Green Narwhal Avenue,Miami,AK,17987,263-286-3326,512-516-5611,mr3997SW
Colby,Barron,mbarro,manager,8/24/1949,397 South Hague Avenue,Tucson,MI,24751,699-433-1734,171-173-6385,cl3620NB
Laurie,Fields,cfield,intern,1/24/1941,915 North Nobel St.,Colorado,MO,21455,758-073-9554,391-514-8221,lu3102SF
Cara,Delgado,ldelga,manager,8/3/1969,647 Yellow Milton Blvd.,Denver,NC,15305,222-302-2863,429-262-8763,cr3370OD
Connie,Spencer,cspenc,supervisor,9/2/1972,806 Nobel Freeway,Tampa,CT,22150,897-847-6868,836-841-4834,cn3211RS
Spencer,Cross,ccross,newhire,3/16/1994,762 East Clarendon Avenue,Baton Rouge,MD,16315,078-094-7476,913-526-9688,se3255SC
Debra,Mullins,smulli,supervisor,5/3/1960,754 West Fabien Boulevard,Portland,TX,21134,916-346-5076,295-522-9910,db3263SM
Bradley,Powell,dpowel,intern,10/11/1998,62 Rocky Oak Freeway,El Paso,MA,23271,251-264-0155,865-555-2600,ba3955LP
Beth,Hanna,bhanna,newhire,6/4/1976,290 First Street,Charlotte,MT,18387,454-395-2233,647-893-9502,bt3727AH
Jimmie,Green,bgreen,newhire,1/24/1985,52 East Hague Blvd.,Mesa,NM,18492,540-786-3566,644-870-1284,jm3965NG
Loretta,Parrish,jparri,supervisor,2/7/1943,247 North First Street,Columbus,FL,27882,039-483-5569,029-694-4750,lr3770HP
Christian,Hanna,lhanna,intern,2/15/1945,923 Rocky Elm Drive,Long Beach,TN,14864,878-264-4909,174-140-9197,cr3094AH
Ethan,Juarez,cjuare,newhire,8/7/1943,925 Green New Parkway,Fremont,MS,23897,080-631-7048,041-679-4191,eh3092ZJ
Dion,Rangel,erange,manager,4/5/1992,30 Yellow Hague Boulevard,Los Angeles,UT,29622,362-355-3216,043-223-3894,do3987LR
Cody,Woodard,dwooda,supervisor,8/17/1991,304 Hague Avenue,Mesa,MN,24562,784-720-3868,773-514-1126,cd3713DW
Victoria,Olson,colson,intern,11/7/1968,164 South Rocky Second Drive,Hialeah,CA,24827,536-750-6391,545-666-8500,vc3853NO
Lorie,Finley,vfinle,supervisor,9/30/1948,508 East Yellow Hague Way,St. Petersburg,IL,33868,776-165-1647,887-192-5144,lr3509YF
Deborah,Mayer,lmayer,newhire,1/16/1956,95 South Oak Parkway,Seattle,LA,31000,137-376-0119,262-331-5533,db3922RM
Robin,Fernandez,dferna,intern,8/4/1941,780 Rocky Cherrywood Street,Cincinnati,HI,19355,887-354-9165,716-676-1316,rb3237ZF
Shawn,Parrish,rparri,intern,2/5/1981,86 South Yellow New Street,Spokane,MI,18798,485-487-7128,253-451-4923,sa3931HP
Dean,Bruce,sbruce,supervisor,5/14/1974,20 First Parkway,Mobile,CT,32264,647-353-3753,687-102-9759,da3997EB
Roberta,Santana,dsanta,manager,9/27/1958,895 Green Cowley Way,Miami,NJ,35079,657-931-5356,600-318-5125,rb3122AS
Allan,Scott,rscott,supervisor,3/22/1968,91 East Rocky Cowley Street,Fresno,RI,16877,412-324-7132,127-553-8197,al3926TS
Loren,Pineda,apined,newhire,5/7/1941,87 Green Narwhal Avenue,Kansas,TN,26166,342-549-2663,226-590-0998,lr3930AP
Betsy,Rowland,lrowla,manager,8/20/1946,130 Hague Blvd.,Cincinnati,TN,20637,026-482-6577,111-303-1046,bt3887DR
Jeff,Sandoval,bsando,manager,7/22/1942,258 West Green Cowley St.,Jackson,AZ,16728,745-813-0232,994-081-4890,jf3759LS
Marcus,Underwood,junder,intern,5/22/1998,58 Old St.,Glendale,NM,29119,853-882-4369,010-121-5630,mr3959DU
Kyle,Holden,mholde,newhire,4/18/1956,70 West Green Duck Parkway,Des Moines,LA,32536,462-543-1581,455-434-1700,kl3947NH
Michele,Gonzalez,kgonza,newhire,9/7/1980,702 First St.,Atlanta,NM,15626,079-410-2592,941-543-1133,mc3315ZG
Kent,Harrington,mharri,newhire,11/17/1968,607 Duck Street,El Paso,GA,24191,171-463-6366,782-717-4646,kn3410NH
Jesse,Ochoa,kochoa,supervisor,3/30/1981,593 Green Crabapple Freeway,Albuquerque,NE,23452,996-852-4616,297-903-6542,js3424AO
Jessica,Cline,jcline,intern,12/21/1967,79 Yellow First Avenue,Las Vegas,ND,33044,928-858-8242,364-217-2656,js3938EC
Alana,Bishop,jbisho,intern,10/18/1988,20 North Oak Freeway,Dallas,NJ,15744,733-575-4686,868-890-6602,aa3997PB
Austin,Roman,aroman,intern,4/26/1993,454 Cowley Boulevard,St. Petersburg,MO,22563,426-645-8593,638-252-7591,as3563NR
Oliver,Hodges,ahodge,newhire,3/30/1949,78 Second Way,Sacramento,TX,31286,094-210-3997,195-186-0035,oi3939SH
Ralph,Hatfield,ohatfi,manager,6/20/1990,69 Yellow Lakeridge Parkway,Newark,KY,26375,675-866-7691,744-378-2279,rl3948DH
Tricia,Payne,rpayne,manager,9/17/1963,15 Cherrywood Way,Tampa,PA,30899,492-950-7472,910-288-0194,ti4002EP
Vincent,Adkins,tadkin,newhire,10/6/1969,13 New Parkway,Omaha,IA,18666,855-639-4980,559-580-6537,vn4004SA
Aisha,Contreras,vcontr,supervisor,8/6/1979,94 Yellow New Parkway,Fresno,KS,19769,086-338-3409,561-614-8192,as3923SC
Andrew,Bird,abirda,newhire,10/26/1940,25 North Hague Blvd.,Montgomery,IL,15000,443-955-7589,592-190-2570,ad3992DB
Tasha,Pearson,apears,supervisor,5/6/1941,586 New St.,Akron,MS,35781,983-648-4880,255-881-6549,ts3431NP
Bethany,Oliver,tolive,manager,11/20/1973,573 Green Crabapple Way,Philadelphia,OK,33364,715-855-4520,961-572-5947,bt3444RO
Gustavo,Cohen,bcohen,intern,12/23/1965,791 Rocky Milton Way,Indianapolis,SC,33699,528-020-0707,330-625-6770,gs3226NC
Cari,Fleming,gflemi,newhire,10/18/1945,443 New Way,Charlotte,WA,17034,273-459-1448,799-529-5739,cr3574GF
Raul,Jenkins,cjenki,newhire,10/18/1945,739 Nobel Parkway,Tacoma,AK,19857,677-430-0588,491-823-8351,ru3278SJ
Roger,Lawrence,rlawre,supervisor,5/20/1964,363 Yellow Duck Way,Oklahoma,OH,24062,352-490-9783,845-709-2288,rg3654EL
